0	10th baron willoughby of parham
1	11 harrowhouse
2	11th baroness dacre
3	11th earl of carlisle
4	12th earl of airlie
5	1936 film
6	1944 film
7	1953 film
8	1960 film
9	1961 film
10	1962 film
11	1964 film
12	1972 film
13	1st earl of castlehaven
14	1st earl of worcester
15	2005 film
16	2017 film
17	2nd duke of york
18	2nd viscount powerscourt
19	3 dots
20	3096 days
21	3rd baron alington
22	3rd baron rodney
23	3rd baron sackville
24	3rd duke of richmond
25	3rd earl of stafford
26	4 minute mile
27	45 calibre echo
28	45 fathers
29	4th baron ashburton
30	5th duke of medina sidonia
31	7th earl of strathmore and kinghorne
32	8th baron petre
33	976 evil ii
34	a  k  m  nurul islam
35	a better tomorrow iii  love   death in saigon
36	a case of honor
37	a couch in new york
38	a daughter of australia
39	a day at the museum
40	a day for lionhearts
41	a day of fury
42	a doctor s diary
43	a dog s purpose  film
44	a groom from the other world
45	a hero of the big snows
46	a jester s tale
47	a journey through filmland
48	a kiss on the nose
49	a little sister of everybody
50	a lizard in a woman s skin
51	a man called hero
52	a man on his knees
53	a maori maid s love
54	a matter of resistance
55	a midnight romance
56	a moment of romance
57	a monster and a half
58	a nest of noblemen
59	a p e x
60	a rare bird
61	a romance of seville
62	a romance of the air
63	a slave of love
64	a slave of vanity
65	a string of pearls  song
66	a tale of winter
67	a texas steer
68	a time of destiny
69	a trial in prague
70	a trip to chinatown  film
71	a yank in the r a f
72	aa naluguru
73	aansoo ban gaye phool
74	aas ka panchhi
75	aatma gowravam
76	abd al aziz ibn al walid
77	abdel nasser barakat
78	abdul aziz bin muhammad
79	abdul nasser al sayegh
80	abess of quedlinburg
81	abraham
82	across the blue sea
83	action in arabia
84	adam w odek
85	adelaide of burgundy
86	ademilson silva marques
87	adolph of cleves
88	adultery  a user s guide
89	african institute for future studies
90	afrika  film
91	agar tum na hote
92	age old friends
93	agni  2004 film
94	ailes gilmour
95	airheads
96	airport 1975
97	aivar kuusmaa
98	al mu tasim
99	albert  douard le brethon de caligny
100	albert g  simms
101	alberto casado cervi o
102	aldri annet enn br k
103	alejandro aguilar reyes
104	aleksander koniecpolski
105	aleksandr aleksandrovich bibikov
106	alexander baring
107	alexander herrmann
108	alexander of masovia
109	alfons zitterbacke
110	alfonso fadrique
111	alfonso p rez de guzm n
112	alfred l  copley
113	alfred staines
114	algiers  film
115	alicia keys
116	alicia little
117	all souls  film
118	all systems go  song
119	allqamari
120	alludugaru
121	alvar davas
122	alyaksey vasilewski
123	amable  no
124	amarajeevi  1965 film
125	amaury de montfort
126	ameena begum
127	amir temraz
128	amira   sam
129	ampelakia
130	amy  2015 film
131	an empress and the warriors
132	an event
133	an ideal woman
134	anatomy of hell
135	anders lindstedt
136	andy summers
137	ang kwento ni mabuti
138	ang lique de froissy
139	angel on the amazon
140	angus wagner
141	anna dorothea
142	anna of pomerania
143	anne elizabeth rector
144	anne gust brown
145	anne woodville
146	anno museum
147	anthony i  count of ligny
148	anthony scott burns
149	antoine jean baptiste thomas
150	apasionadamente
151	apeejay education society
152	apprentice to murder
153	arabia
154	aram   aram   kinnaram
155	archambaud viii of bourbon
156	archduchess maria antonia of austria
157	archduchess maria immakulata of austria
158	archduchess maria theresa of austria
159	archduchess rosa of austria
160	archduke ferdinand karl joseph of austria este
161	archduke karl pius of austria
162	archibald hamilton
163	architect
164	aren t you kind of glad we did
165	aristarete
166	arjun naidu
167	arr te ton cin ma
168	as  en el cielo como en la tierra
169	ask a policeman
170	atang de la rama
171	atomised  film
172	ausaf ali
173	author  author
174	autoerotic
175	autumn tale
176	ave caesar
177	aylwin  film
178	ayumi hamasaki
179	ayumi hamasaki song
180	b boy  song
181	b chir sfar
182	b lb l hatun
183	b o long
184	b rbara at mica
185	babette bomberling
186	back in the u s a
187	bad subject
188	badi  al zaman mirza
189	badman s gold
190	balipeetam
191	ballad of tara
192	banco de ponce
193	bangalore naatkal
194	baroness herbert
195	battle in seattle
196	bayernhof music museum
197	bea ballard
198	beach volleyball
199	beasts of prey
200	beatrice  1987 film
201	beatrice i  countess of burgundy
202	beatrice of savoy
203	beaumarchais  film
204	beauties on motor scooters
205	becoming dick
206	bedre enn sitt rykte
207	bedtime with rosie
208	beekman du barry
209	before i disappear
210	before sunset
211	before the bat s flight is done
212	behind locked doors
213	being human
214	belgutei
215	bellevue airfield
216	benjamin pierce cheney jr
217	berengaria of portugal
218	bernhard afinger
219	bernhard albrecht of limburg and bronckhorst
220	bernhard iv
221	bertram j  rodgers
222	bess taffel
223	bhaji on the beach
224	bill patterson
225	billy elliot
226	binyamin ze ev kahane
227	blind man s eyes
228	blood  sweat   tears
229	blood street
230	bmw m
231	bo ena n mcov
232	bolivarian military university of venezuela
233	bollywood calling
234	bollywood dream
235	bonnie may
236	bons baisers de hong kong
237	boum sur paris
238	boy
239	brad booth
240	bratuku teruvu
241	brecha  2009 film
242	brian k  zahra
243	bright leaf
244	brink of life
245	broadway gold
246	broadway or bust
247	brother rat
248	bruce appleyard
249	bruce coulter
250	bruce mccandless
251	bruce robinson
252	bruno bizarro
253	buck and the preacher
254	buckaroo from powder river
255	bugsy
256	burhan atak
257	by the beautiful sea  song
258	by the grace of god
259	c  maurice patterson
260	c man  film
261	c sar and rosalie
262	calling bulldog drummond
263	calling philo vance
264	cam pact
265	camille  1926 feature film
266	can t remember to forget you
267	canardo
268	cape fear
269	captain apache
270	caresses
271	carl wijk
272	carlo giuliani
273	carlos reyt
274	carly rae jepsen
275	caroline huppert
276	catherine of thouars
277	chad hanna
278	changed it
279	charles d  vreux
280	charles eug ne gabriel de sombreuil
281	charles fechter
282	charles herbert little
283	charles patin
284	charles stewart
285	charles the younger
286	charles willoughby
287	charlie chan in honolulu
288	charlie chaplin 2
289	chased by the dogs
290	chemours
291	cherry creek
292	cheryl saban
293	china bound
294	chorion
295	chris brown
296	chris schwinden
297	christ walking on the water
298	christopher addison  1st viscount addison
299	christopher newton
300	chumbivilcas
301	cincoesquinas
302	citizen usa  a 50 state road trip
303	city of pain
304	claire s knee
305	clancy of the mounted
306	clare winnicott
307	clarence moore
308	cleopatra
309	closet land
310	clown princes
311	co ocranra
312	codename coq rouge
313	colg  mac fa lbe flaind
314	colierul de turcoaze
315	college coach
316	college lovers
317	colorado
318	colour blossoms
319	come dance with me  song
320	comedy
321	complete unknown
322	composer
323	conall mac comgaill
324	concert of intrigue
325	conny and peter make music
326	consort liang
327	cos  parl  bellavista
328	coulson wallop
329	count five and die
330	count of verdun
331	count palatine of simmern
332	countess johanna magdalene of hanau lichtenberg
333	countess of effingham
334	countess of essex
335	cristian bordacahar
336	cristina rodr guez  noble
337	crossing delancey
338	crude set drama
339	cry over me
340	cuna  river
341	cup tie honeymoon
342	cupid the cowpuncher
343	curry and pepper
344	cyril holland
345	d annunzio  film
346	daddy  come home
347	dahleez
348	damage
349	damrong rajanubhab
350	dancing in the rain
351	dangerously they live
352	dark river
353	darkened rooms
354	david elliot
355	david fennario
356	david ogilvy
357	david pigot
358	day of the cobra
359	days and hours
360	daytime wives
361	de luxe annie
362	dead mine
363	denise kandel
364	der k nig von kreuzberg
365	destination  dewsbury
366	devil s doorway
367	dharti
368	dhuen ki lakeer
369	diary of a maniac
370	dibyasambandh
371	did a good man die
372	did it on em
373	die mutter
374	die screaming  marianne
375	dinner at the ritz
376	dip  song
377	director
378	distant lover
379	dit deschamps
380	dmitry grigorieff
381	do not marry  girls
382	do you believe
383	doctor krishna
384	dog law
385	dog s heart
386	domenico distilo
387	domenico ravenna
388	dominic jacotin gamble
389	don t freak me out
390	don t ya
391	donne con le gonne
392	douglas e  winter
393	dr  goldfoot and the girl bombs
394	dr  john m  denison secondary school
395	dr  who and the daleks
396	dream of the rhine
397	dreamville presents  revenge
398	drive a crooked road
399	du an polia ik
400	duane armstrong
401	duchess of blekinge
402	duchess of brabant
403	duchess of guimar es
404	duchess of hohenberg
405	duchess of j lich cleves berg
406	duchess of norfolk
407	dui finn
408	duke of chartres
409	duke of cleves
410	duke of lorraine
411	duke of saxe eisenach
412	duke of saxe weissenfels
413	duniya meri jeb mein
414	dying god
415	earl of mercia
416	earl of ogle
417	earl of stafford
418	earl valiquette
419	eberhard of limburg
420	ebtissam mohamed
421	edadil kad n
422	eddie murray
423	edelweiss pirates  film
424	edith of wessex
425	edsel ford
426	eduardo frei ruiz tagle
427	edward
428	edward peghin
429	edward wingfield
430	ehzade murad
431	eight days a week  film
432	ek hi bhool  1940 film
433	el tonto
434	eleanor of brittany
435	eli ka kr snohorsk
436	elisa god nez g mez de batista
437	elizabeth capell
438	elizabeth fitzalan
439	elizabeth howard
440	elizabeth richeza of poland
441	elizabeth somerset
442	elmer w  conti
443	elmina shepard taylor
444	elswick ordnance company
445	emanuel sayles
446	emile the african
447	emilia bayer
448	emilio azc rraga milmo
449	emmanuelle seigner
450	emperor taizong of song
451	en aasai rasave
452	end of watch
453	engelbert iii of the mark
454	enkeyo ketta kural
455	entertain magazine
456	eochu uairches
457	erick chipeta
458	ermengarde of hesbaye
459	erova
460	esther schiff goldfrank
461	ethnic notions
462	euphemia of pomerania
463	eustace iii  count of boulogne
464	eustace william ferguson
465	everybody s hobby
466	everything remains  as it never was
467	evil alien conquerors
468	evolution
469	evros
470	eyes of youth
471	f lix de blochausen
472	fabio maistro
473	face   l oc an
474	fakhr al dawla
475	false pretenses
476	far view airport
477	fat man and little boy
478	father
479	father in law
480	fatma bac
481	fedor fre o
482	felices 140
483	felicia of roucy
484	felix schuster
485	femmes de sade
486	ferdinand  prince of solms braunfels
487	ferdinand zvonimir von habsburg
488	fernando berm dez de cea
489	filippa fleming
490	film
491	final exam  1981 film
492	fine by me
493	five little peppers and how they grew
494	five million look for an heir
495	five red tulips
496	flags and waves
497	flannelfoot
498	flash gordon conquers the universe
499	flavia domitilla
500	folly to be wise
501	forbidden ground
502	forbidden paradise
503	forces occultes
504	forgotten light
505	fort nelson gordon field airport
506	fortunella  film
507	four days in november
508	four for venice
509	frances m  vega
510	francesco boccapaduli
511	francisco herrera luque
512	frankenstein 90
513	franklin edson
514	frederick dickens
515	frederick elliott brown
516	free guy
517	free hand for a tough cop
518	freedom for the stallion
519	friday the 13th  1916 film
520	fujiwara no junshi
521	future zone
522	gaby  a true story
523	gal young un
524	gar on stupide
525	garbo  film
526	gare de la roche sur yon
527	gare de namps quevauvillers
528	genevi ve pettersen
529	geoff bagnall
530	geoffrey iii  count of perche
531	georg wenker
532	george cawthray
533	george howard
534	george ii
535	george mattos
536	george rodney
537	george sidney
538	george tuchet
539	george tupou v
540	gerry neugebauer
541	get carter  2000 film
542	getting in
543	ghost of the china sea
544	ghosts of abu ghraib
545	gideon and samson  great leaders of the bible
546	gideon johnson pillow
547	gilukhipa
548	giovanni dei conti di segni
549	girl from hong kong
550	girls in white
551	giuliano rossi
552	gladiators seven
553	god of war  film
554	god s comedy
555	god s gift to women
556	godfrey i
557	godomar ii
558	goin  coconuts
559	going all the way
560	gola barood
561	gold and the woman
562	goldilocks and the jivin  bears
563	golmaal again
564	gone fishin   song
565	good people  film
566	goodbye  franziska  1941 film
567	goodbye emmanuelle
568	goodbye pork pie hat
569	google
570	goopy gyne bagha byne
571	gordon of ghost city
572	gothelo i
573	grace of my heart
574	grand duchess elena vladimirovna of russia
575	greencastle  film
576	guai ai vinti
577	guido lauri
578	guiomar novaes
579	gul stan  land of roses
580	gunnar wiklund
581	gus triandos
582	guy tzarfati
583	gwen graham
584	gwladys s husband
585	gypped in the penthouse
586	hadag
587	haiducii  film
588	halc n suriano jr
589	halloween kills
590	hamad bin isa al khalifa
591	har dil jo pyar karega
592	hardcase
593	hasan ibn hasan
594	hashimura togo
595	heart on fire
596	heather jansch
597	held einer nacht
598	helen of greece and denmark
599	hellraiser  revelations
600	henriette of france
601	henry cavendish
602	henry goes arizona
603	henry i of zi bice
604	henry talbot
605	her husband s trademark
606	hermann ii  landgrave of hesse
607	hillel slovak
608	hirer angti
609	his name is nobody
610	hitler s folly
611	holiday in tyrol
612	holm j lsen
613	homage at siesta time
614	home in indiana
615	hot saturday
616	hotel paradis
617	hotel reserve
618	house of blackmail
619	house of the black death
620	how dark the nights are on the black sea
621	how moscha came back
622	how sweet it is
623	hubert mordek
624	hum dil de chuke sanam
625	huma gun anmogaldi
626	humehume s father
627	humphrey stafford
628	huo yi
629	hurricane at pilgrim hill
630	husband
631	hyderabad nawabs
632	hypsicratea
633	hywel teifi edwards
634	i can t see myself leaving you
635	i cover the underworld
636	i died a thousand times
637	i like control
638	i like only you
639	i ll be going now
640	i ll come running back to you
641	i love you rosa
642	i sette dell orsa maggiore
643	i think they call him john
644	ida turay
645	il diavolo in convento
646	il marchio di kriminal
647	il seduttore
648	illusions  1982 film
649	in the maybe world
650	inauguration of the pleasure dome
651	infanta adelgundes
652	infante antonio pascual of spain
653	inherent vice  film
654	inka pirqa
655	inside the room
656	intelligence and the japanese civilian
657	interview with a hitman
658	into the grizzly maze
659	isaac p  walker
660	isabel lu sa
661	islam shah suri
662	it s a bikini world
663	it s a wonderful afterlife
664	it s in the air
665	izaute
666	j d s
667	j nos damjanich
668	j ra cimrman lying
669	james adam
670	james l  robinson
671	james lyon
672	jamie curry
673	jan britstra
674	jan iii of o wi cim
675	jayme de almeida
676	jazz boat
677	je fais le mort
678	jean baptiste chardon
679	jean charles carbone
680	jean gimpel
681	jean gr millon
682	jean joseph gaume
683	jean rodolphe perronet
684	jean tangye
685	jeanne mandello
686	jeanne raunay
687	jeff fabry
688	jen armbruster
689	jerusalem
690	jhoothi
691	jimmy santiago baca
692	jingle all the way
693	joan ramon ii  count of cardona
694	joanna elisabeth of holstein gottorp
695	johann adolf i
696	johann nicolaus bach
697	john  count of brienne
698	john augustus conolly
699	john ellis roosevelt
700	john ernest
701	john henry caldwell
702	john i
703	john i  duke of brunswick grubenhagen
704	john ii
705	john iii  duke of cleves
706	john jaffer janardhanan
707	john middleton murry
708	john of ibelin  the old lord of beirut
709	john yule
710	johnny on the spot
711	jon sullivan
712	jordan ii of capua
713	jorge ledezma
714	joris van severen
715	joseph  douard perrault
716	joseph dudley
717	joseph ferdinand of bavaria
718	josip petrov babich
719	juan carlos falc n
720	juan carlos gumucio
721	juch uy llallawa
722	jucurucu river
723	julia bracken wendt
724	julia livia
725	julio iglesias
726	julio nudler
727	junior army
728	just friends
729	justin ii
730	kadal  1968 film
731	kadathanaattu maakkam
732	kai rabe gegen die vatikankiller
733	kalaya tasmai namaha
734	kalippava
735	kamakalawa
736	kanchana sita
737	kara koyunlu
738	karel zich
739	karin daughter of ingmar
740	karl von habsburg
741	karla s world
742	karma
743	katka s reinette apples
744	katrien aerts
745	kawaipuna prejean
746	keep  em rolling
747	ken karpoff
748	kevin hennessy
749	kiliwehi
750	killer  dead or alive
751	king baggot
752	kingdom in the clouds
753	know bout me
754	konrad wolf
755	konstantin irmen tschet
756	l opold demers
757	la boum
758	la carapate
759	la fille du torrent
760	la makina
761	la marca de satan s
762	la mazurka del barone  della santa e del fico fiorone
763	la v rit  sur b b  donge
764	la yuma
765	lady dorothy macmillan
766	lady helen taylor
767	lady rose mclaren
768	lajos kelemen
769	lakutis
770	lamprocles
771	land of peace
772	las aventuras de pito p rez
773	laserblast
774	last tango in paris
775	laughing at death
776	lazarus fletcher
777	le foto proibite di una signora per bene
778	le salamandre
779	length of war
780	leo and loree
781	leonas mil ius
782	les briley
783	les mis rables  1917 film
784	leslie pietrzyk
785	lev karakhan
786	levon ashotovich grigorian
787	lfgar
788	lfwine of deira
789	li sujie
790	li zhong
791	lianna
792	licenza premio
793	licinia eudoxia
794	life classes
795	life hits
796	life without soul
797	lionel sackville west
798	lipetsk oblast
799	lisbeth cathrine amalie rose
800	lisbeth palme
801	little more  royalty
802	littlerock
803	live at the rainbow  74
804	lo scolaro
805	lord charles arthur francis cavendish
806	lord frederick cavendish bentinck
807	lord george scott
808	lord glamis
809	lord of de lek and beverweerd
810	lord of ravenstein
811	lord patrick crichton stuart
812	lorenzo zazzeri
813	los  ltimos d as
814	los pagares de mendieta
815	lost in the stratosphere
816	lothair ii
817	lou breslow
818	louis  dauphin of france
819	louis armand i
820	louis ncamiso ndlovu
821	louis of nassau
822	louis xv
823	louisa charlotte tyndall
824	louise of hesse kassel
825	louise of mecklenburg g strow
826	love   war  barlowgirl album
827	love  honor and oh baby
828	love is here to stay
829	love story 1999
830	lucius antonius
831	lucky cowboy
832	ludovico sabbatini
833	ludwig elsbett
834	m  k  muthu
835	m3  band
836	ma femme s appelle maurice
837	madame butterfly  1995 film
838	madame la presidente
839	madeleine robinson
840	madhavrao ii
841	magic hunter
842	magnificent brute
843	maj briht bergstr m walan
844	majhli didi
845	make the world move
846	making babies
847	malabimba   the malicious whore
848	mama s little pirate
849	man at the carlton tower
850	man from the deep river
851	man s favorite sport
852	man s search for happiness
853	manhattan angel
854	manila in the claws of light
855	manuel antonio
856	manuel bulnes pinto
857	manuel d az rodr guez
858	marcelino manuel da gra a
859	marchioness of mantua
860	marco de luigi
861	margaret fiennes
862	margaret kenyatta
863	margaret of baux
864	margaret of bavaria
865	margaret of valois
866	margaret verney
867	margaretha van mechelen
868	maria carolina zamoyska
869	maria of austria
870	marian hillar
871	marianne wiggins
872	marianus v of arborea
873	marie de namur
874	marie z phyrine of france
875	mario baccini
876	marisabel rodr guez de ch vez
877	marius mapou
878	marjatta raita
879	marjorie flack
880	mark antony
881	marriage blue
882	married to the mob
883	martino finotto
884	marufabad
885	mary jane s pa
886	mary of lancaster
887	marzuban ibn muhammad
888	mask in blue
889	mate me trovi
890	maternal grandfather
891	maternal grandmother
892	matilda of frisia
893	mato grosso do sul
894	matthew knox
895	maurice  prince of orange
896	mauro massironi
897	mavrolithari
898	max and helen
899	mcdull  me   my mum
900	me and bobby mcgee
901	medan
902	mektoub
903	melvin kranzberg
904	mera lahoo
905	mere rashke qamar
906	meri jung
907	merry go round
908	messenger of death
909	metello
910	michaela ek
911	michel le denmat
912	mickey hart
913	midnight court  film
914	mimi  song
915	mine safety appliances
916	modern husbands
917	moguds pellams
918	mohammed bin nawwaf bin abdulaziz
919	mona tyndall
920	monica ro u
921	monster a go go
922	moonnam pakkam
923	moonnupookkal
924	mord em ly
925	more bloody meetings
926	moredun creek
927	moscow pride  06
928	mother
929	mother of george
930	moulin rouge  magazine
931	mr  ace
932	muchachas que estudian
933	mugain
934	muhwagwa
935	mummy   me
936	munti wayi
937	murad i
938	murder  she said
939	museum of croatian archaeological monuments
940	music for the advancement of hip hop
941	mutiny  1952 film
942	my baby s daddy
943	my dear muthachan
944	my favourite fabric
945	my three merry widows
946	my wife s best friend
947	mystify  michael hutchence
948	naagapanchami
949	naked tango
950	naked violence  film
951	nakkhatra mangala
952	nana saheb
953	nancy drew  trouble shooter
954	nandhi
955	napier sturt
956	nasamkhrali
957	natalia alexeievna
958	navavadhu
959	navy nurse
960	nearly a deserter
961	ned rifle
962	neferneferure s mother
963	netflix  song
964	never the twain  film
965	new world  1995 film
966	next of kin
967	ngel recasens
968	nicole briscoe
969	night boat to dublin
970	night of mystery
971	night of the twelve
972	nighthawks  1981 film
973	nizar al mustafa
974	njan gandharvan
975	no greater glory
976	no path through fire
977	nomad  in the footsteps of bruce chatwin
978	noose  1958 film
979	notes on the port of st  francis
980	ntnu university museum
981	nude on the moon
982	o k  connery
983	o shaughnessy s boy
984	oei hui lan
985	ola stunes isene
986	on body and soul
987	once upon a time in america
988	one more time with feeling
989	one nine nine four
990	one sunday afternoon  1948 film
991	ontario
992	operation petticoat
993	oru swakaryam
994	osgoode township high school
995	oskar drobne
996	oss 117   double agent
997	osthryth s father
998	our emden
999	overland adventure
1000	pacific rendezvous
1001	paganini horror
1002	palo alto  2013 film
1003	pamela ann rymer
1004	papianilla
1005	par la fen tre
1006	parachute nurse
1007	paradox  2016 film
1008	parysatis ii
1009	paternal grandmother
1010	patrik l cha
1011	pattom a  thanu pillai
1012	pearl lust
1013	penang free school
1014	pepa
1015	pepe hern
1016	pepo  film
1017	peter emanuel falck
1018	peter s friends
1019	peter samuel george mackenzie
1020	peut  tre
1021	phalitamsha
1022	pharoahe monch
1023	philippe  duke of anjou
1024	phoolwari
1025	piccoli fuochi
1026	pierre de geyter
1027	pierre marie gault de saint germain
1028	pietro salini
1029	pinocchio s revenge
1030	pirates of the sky
1031	playing it wild
1032	pod bander  mi o ci
1033	poola rangadu
1034	possession  1922 film
1035	power of women  film
1036	powerful  energy for everyone
1037	pratisodh  2004 film
1038	pravachakan
1039	praveen agrawal
1040	prem mhanje prem mhanje prem asta
1041	preobrazheniya island
1042	preston tylk
1043	pretty foe
1044	pretty persuasion
1045	prince charles louis
1046	prince dmitri alexandrovich of russia
1047	prince feodor alexandrovich of russia
1048	prince ferdinand of bavaria
1049	prince hermann friedrich of leiningen
1050	prince mired bin ra ad
1051	prince nayef bin abdullah
1052	prince of anhalt bernburg
1053	prince of anhalt harzgerode
1054	prince of conti
1055	prince of nassau dillenburg
1056	prince of tuscany
1057	prince of waldeck and pyrmont
1058	prince paul of thurn and taxis
1059	prince raphael rainer of thurn and taxis
1060	princess adrienne
1061	princess albertina frederica of baden durlach
1062	princess augusta of w rttemberg
1063	princess catherine of w rttemberg
1064	princess elene of georgia
1065	princess elisabeth
1066	princess elisabeth of prussia
1067	princess feodora of denmark
1068	princess helena of nassau
1069	princess mafalda of savoy
1070	princess margaret of connaught
1071	princess maria of greece and denmark
1072	princess of beira
1073	princess raiyah bint hussein
1074	princess rodam of kartli
1075	princess yolanda of savoy
1076	prokofiev
1077	proud flesh
1078	puka puka
1079	pyar ka bandhan
1080	qaleh ye sahar
1081	qillqa  melgar
1082	quaqtaq airport
1083	quax in africa
1084	queen of navarre
1085	quiero estar contigo
1086	r  d  call
1087	raadha aur seeta
1088	racing driver
1089	racing extinction
1090	racing toward diversity
1091	raghnall mac ruaidhr
1092	raiders of red gap
1093	raise your voice
1094	raitu kutumbam
1095	ram n hern ndez
1096	ramiro s nchez
1097	range war
1098	rani mukerji
1099	rapper
1100	raymond balze
1101	reaching for the sun
1102	red roses  red lips  red wine
1103	reginald i of guelders
1104	rembrandt s j accuse
1105	remorse  a story of the red plague
1106	renaud garcia fons
1107	return of the hero
1108	return of the jedi
1109	return to cabin by the lake
1110	return to return to nuke  em high aka volume 2
1111	return to the hiding place
1112	reverse  film
1113	rhosgoch
1114	richard beauchamp
1115	richard socarides
1116	riders of the badlands
1117	rio verde
1118	rip  sew and stitch
1119	robert iii  count of dreux
1120	robert petre
1121	robert vere buxton
1122	robin hood of monterey
1123	robin lynn macy
1124	rohese of monmouth
1125	romance  in the digital age
1126	romance in the dark
1127	romance on the run
1128	romanoff and juliet
1129	rona randall
1130	rosaura at 10 o clock
1131	ruby helder
1132	rudolf of  aga
1133	rufus jones for president
1134	run the race
1135	ruslana song
1136	russell high school
1137	ryan s daughter
1138	ryan tubridy
1139	s durga
1140	sabotage  1936 film
1141	safe  2012 film
1142	safe haven
1143	safeguard magazine
1144	sail a crooked ship
1145	sainikudu
1146	sakari simelius
1147	salad by the roots
1148	salin mibaya
1149	sammy hagar
1150	sancha of castile
1151	sancho ram rez
1152	santa fe uprising
1153	sara ali khan
1154	sarah silverman  jesus is magic
1155	satiricosissimo
1156	saw thanda
1157	scaregivers
1158	scrutiny  journal
1159	sea of voices
1160	secret service of the air
1161	secrets of the reef
1162	see the usa in your chevrolet
1163	seeing s believing
1164	self made maids
1165	selo sanatoriya imeni chekhova
1166	semi tough
1167	serena evans
1168	seth joshua
1169	seven women
1170	shadow of the earth
1171	shadows in paradise
1172	shah jahan regency
1173	shah muhammad
1174	shahanuddin choudhury
1175	sharon tiller
1176	shawn lewfatt
1177	she wants me
1178	shock treatment
1179	sholto douglas  15th earl of morton
1180	showdown at boot hill
1181	shravana banthu
1182	shriro
1183	sibyl hathaway
1184	side by side  band
1185	sidonius apollinaris
1186	sigrid of sweden
1187	sigrid sture
1188	sila zandukeli sandunov
1189	sins of madeleine
1190	sir edward acton  3rd baronet
1191	sir thomas wheate  1st baronet
1192	sir william brereton  1st baronet
1193	sirikit s husband
1194	sisowath kossamak
1195	siti noerbaja
1196	sky patrol
1197	slava  river
1198	sleeping
1199	smagne
1200	small town boy
1201	sofia s last ambulance
1202	soft hearted hana
1203	sol niger within
1204	somebody slap me
1205	someone i loved
1206	something worth leaving behind
1207	song of dolores
1208	sonia greene
1209	sophie gurney
1210	sophie ingle
1211	soul boy
1212	souls at sea
1213	south american george
1214	spione
1215	spy of napoleon
1216	st  mary s school  patiala
1217	stagecoach express
1218	stella s favor
1219	steven perry
1220	story of barbara
1221	stranger in sacramento
1222	strangers of the night
1223	striporama
1224	student of the year
1225	study
1226	sudden fear
1227	sugar  honey and pepper
1228	sultan cem
1229	summer skin  film
1230	sunday light
1231	super wild horses
1232	supercock
1233	susanna whipped cream
1234	suzanne s career
1235	swamp women
1236	sweet emma  dear b be
1237	swept from the sea
1238	sy kattelson
1239	sybil b  g  eysenck
1240	sylvia burka
1241	sylvie et le fant me
1242	t  d
1243	t zolto utca 25
1244	tabitha  stand up
1245	tadeusz  liwak
1246	tahaan
1247	tajlu khanum
1248	talk about a stranger
1249	tall man riding
1250	taming of the fire
1251	tammy and the t rex
1252	target zero
1253	taryn power
1254	tarzan s hidden jungle
1255	tatiana schlossberg
1256	taxi zum klo
1257	team america  world police
1258	tefan i  neni escu
1259	tell it to the bees
1260	ten9eight  shoot for the moon
1261	tenth avenue angel
1262	teodor peja evi
1263	teriimaevarua iii
1264	term of trial
1265	texans never cry
1266	teyzem
1267	thaddeus p  mott
1268	that nazty nuisance
1269	that s when your heartaches begin
1270	thayagam
1271	the adventurer of chad
1272	the almighty dollar  1923 film
1273	the alster case
1274	the ape  2005 film
1275	the appeal to conscience
1276	the avenging shadow
1277	the bag man
1278	the bedford incident
1279	the best side of life
1280	the big broadcast of 1936
1281	the biggest show on earth
1282	the black marble
1283	the blue and white lion
1284	the blue bead
1285	the blue collar worker and the hairdresser in a whirl of sex and politics
1286	the boss and the worker
1287	the boss of rustler s roost
1288	the brand new testament
1289	the brink s job
1290	the brown wallet
1291	the circus cyclone
1292	the coastline
1293	the collector
1294	the complaint of an empress
1295	the courier of lyon
1296	the cow and i
1297	the crime doctor s diary
1298	the demise of herman durer
1299	the devil and miss jones
1300	the devil on horseback
1301	the devil s hairpin
1302	the dixie flyer
1303	the dream is alive
1304	the eagle s eye
1305	the eagle s feather
1306	the face in the fog
1307	the famous mrs  fair
1308	the fatal mistake
1309	the fate of the furious
1310	the fighting vigilantes
1311	the first 7th night
1312	the first day of freedom
1313	the galloping kid
1314	the gamecock
1315	the gentle gunman
1316	the girl in the glass cage
1317	the glass boat
1318	the glass wall
1319	the goose woman
1320	the great dome robbery
1321	the green jacket
1322	the greyhound limited
1323	the half naked truth
1324	the half way girl
1325	the heart of doreon
1326	the hideout  film
1327	the hitler gang
1328	the hungover games
1329	the inside man
1330	the invisible menace
1331	the iron man  serial
1332	the january man
1333	the jerk
1334	the king on main street
1335	the knockout kid
1336	the korean wedding chest
1337	the lady takes a flyer
1338	the last airbender
1339	the last coupon
1340	the last of the knucklemen
1341	the last outpost  1951 film
1342	the last paradises  on the track of rare animals
1343	the last pedestrian
1344	the laughing woman
1345	the lawful cheater
1346	the life of juanita castro
1347	the lights of buenos aires
1348	the lilac sunbonnet
1349	the lone prairie
1350	the love trader
1351	the mad doctor of blood island
1352	the magic place
1353	the majesty of the law
1354	the man in the funny suit
1355	the man in the trunk
1356	the man on the roof
1357	the man without desire
1358	the mark of the renegade
1359	the marriage of princess demidoff
1360	the marseille contract
1361	the measure of all things
1362	the merry monahans
1363	the miscellany news
1364	the mission  1983 film
1365	the nice guys
1366	the notorious miss lisle
1367	the organization  film
1368	the outlaw express
1369	the palace of angels
1370	the parson and the outlaw
1371	the people vs  larry flynt
1372	the picture of dorian gray  1945 film
1373	the pirate s dream
1374	the pistol  the birth of a legend
1375	the pit and the pendulum  1913 film
1376	the planet of junior brown
1377	the pledge
1378	the pocket knife
1379	the policeman of the 16th precinct
1380	the poll diaries
1381	the power  1984 film
1382	the prince and the dancer
1383	the private life of cinema
1384	the pulse of life
1385	the queen of spades
1386	the raggedy rawney
1387	the red eagle
1388	the return of swamp thing
1389	the rocks of valpre
1390	the romance of max and venus  1929 film
1391	the romance of tarzan
1392	the shepherd lassie of argyle
1393	the sleeping city
1394	the small world of sammy lee
1395	the song of the old days
1396	the sparrow s fluttering
1397	the spooky bunch
1398	the strange case of mary page
1399	the straw hat
1400	the student s romance
1401	the sundowners
1402	the tailor from ulm
1403	the taint  film
1404	the tender years
1405	the tiger makes out
1406	the time of your life  film
1407	the toast of death
1408	the trail of the lonesome pine  1923 film
1409	the trail of the lonesome pine  song
1410	the umbrella coup
1411	the unholy wife
1412	the vagabond prince
1413	the walls of hell
1414	the wanted 18
1415	the whisperers
1416	the wilby conspiracy
1417	the wild frontier
1418	the witch s curse
1419	the world and his wife
1420	theodore mcmillian
1421	theodore salisbury woolsey
1422	they only kill their masters
1423	they who dare
1424	thiruvannamalai  film
1425	this night is still ours
1426	thomas barnard
1427	thomas jefferson  film
1428	thomas lyon bowes
1429	thomas praytor
1430	thomas stafford
1431	thomas valentine cooper
1432	thor the conqueror
1433	three live ghosts
1434	three lucky fools
1435	three strangers
1436	three violent people
1437	three waltzes
1438	through a glass darkly
1439	thunder on the hill
1440	tienne de cr cy
1441	tiger cage  film
1442	time of roses
1443	time out for rhythm
1444	ting xing ye
1445	tj ryan foundation
1446	tlilpotoncatzin
1447	to mary   with love
1448	to walk with lions
1449	toda of pamplona
1450	toen  t licht verdween
1451	tombstone rashomon
1452	tonta  tonta  pero no tanto
1453	tony bettenhausen jr
1454	tony owen
1455	too tough to kill
1456	torn from the flag
1457	toto and cleopatra
1458	traces of a dragon
1459	track   field news
1460	tracy rides
1461	trainer and temptress
1462	tree without fruit
1463	tribute to the teachers
1464	trieste mia
1465	trifling women
1466	true to the navy
1467	tuggeranong creek
1468	two brides and a baby
1469	two for texas
1470	un elefante color ilusi n
1471	un giorno speciale
1472	una prostituta al servizio del pubblico e in regola con le leggi dello stato
1473	unborn in the usa
1474	uncle s new blazer
1475	uncle silas  film
1476	under the cards
1477	undercover with the kkk
1478	universidad aut noma de la laguna
1479	university of kisangani
1480	university of los andes  colombia
1481	vamping venus
1482	vasilyevsky island
1483	veliki prezir  album
1484	ven mi coraz n te llama
1485	vent d est
1486	vente a alemania  pepe
1487	vice raid
1488	victor amadeus
1489	victoria winter
1490	viktor  iljeg
1491	vincenzo lapuma
1492	virginia foster durr
1493	virginia gardner
1494	vishukkani
1495	vitti dandu
1496	vivicca whitsett
1497	vlatko vukovi
1498	volav runt
1499	volovo
1500	vortex  1976 film
1501	vote for huggett
1502	waiting for the clouds
1503	waking the dead  film
1504	walfredo reyes jr
1505	wang shusen
1506	war book
1507	waspman
1508	waterlily jaguar
1509	way   way out
1510	wayne sykes
1511	wedding with erika
1512	wenceslaus i of legnica
1513	werner mensching
1514	west of shanghai
1515	westside christian high school
1516	when the stars go blue
1517	where are you going all naked
1518	where does it hurt
1519	where mountains float
1520	wherever i lay my hat  that s my home
1521	whispers  corina song
1522	white rabbit  film
1523	who s your brother
1524	wife
1525	wild honey
1526	wild rovers
1527	wilderness  miniseries
1528	wilfred macdonald
1529	wilhelmina louisa of hesse darmstadt
1530	wilhelmine schr der devrient
1531	william ii
1532	william ii  count of flanders
1533	william louis
1534	windsor drive  film
1535	wiqu  lima
1536	witch story
1537	wizards of the lost kingdom
1538	wolves of the north
1539	wolves of the range
1540	woman by woman  new hope for the villages of india
1541	woman s century
1542	woman without a past
1543	women s weapons
1544	won in the clouds
1545	world in my corner
1546	would you marry me
1547	wrong turn 5  bloodlines
1548	yaadein  1964 film
1549	yamata
1550	yang   yin  gender in chinese cinema
1551	yeh gulistan hamara
1552	you can no longer remain silent
1553	you changed me
1554	you ve got what gets me
1555	yuliya baraley
1556	zac dysert
1557	zameen  2003 film
1558	znayu ya
